Mots-cl√©s ,R√©ponse,,,,,
salut,Bonjour ! üëã Comment puis-je t'aider aujourd'hui ?,,,,,
comment vas-tu ?,Je vais bien,merci ! Et toi ? üòä,,,,
merci,De rien ! N'h√©site pas √† me poser d'autres questions.,,,,,
aide,Je peux t'aider √† g√©rer tes √©motions,√† trouver des ressources ou √† r√©pondre √† des questions. Tu peux me poser des questions sur le trouble de la personnalit√© borderline (TPL),la gestion de l'anxi√©t√©,du stress et de l'impulsivit√©. Pour trouver les bonnes r√©ponses,utilise les mots-cl√©s dans la liste ci-dessous.,
√©motion,Les √©motions sont une partie importante de la vie. Parle-moi de ce que tu ressens.,,,,,
stress,Le stress est un sentiment courant.  J'ai quelques conseils pour t'aider √† le g√©rer.,,,,,
angoisse,L'angoisse peut √™tre difficile √† g√©rer.  Je peux t'aider √† trouver des techniques pour la calmer.,,,,,
col√®re,La col√®re est une √©motion normale.  Il est important de l'exprimer de mani√®re saine.,,,,,
tristesse,La tristesse est une √©motion naturelle.  Il est important de la laisser s'exprimer et de prendre soin de soi.,,,,,
joie,C'est formidable que tu te sentes joyeux(se) !,,,,,
amour,L'amour est un sentiment magnifique.,,,,,
ressources,Je peux te fournir des liens vers des sites web et des organisations qui offrent du soutien.,,,,,
professionnel,Si tu as besoin d'aide d'un professionnel,je peux te mettre en contact avec des th√©rapeutes et des psychologues.,,,,
relation,Est-ce que tu te sens bien dans notre relation en ce moment ?,,,,,
communication,Y a-t-il quelque chose que tu aimerais changer dans notre communication ?,,,,,
√©cout√©,Est-ce que tu te sens √©cout√©(e) et compris(e) par moi ?,,,,,
besoin,As-tu besoin de quelque chose de ma part pour te sentir mieux ?,,,,,
attentes,Est-ce que tu es d'accord pour qu'on parle de nos attentes et de nos besoins dans la relation ?,,,,,
travail,Est-ce que tu as besoin d'aide pour cette t√¢che ?,,,,,
projet,Est-ce que tu as besoin de plus de temps pour terminer ce projet ?,,,,,
satisfait,Est-ce que tu es satisfait(e) de la fa√ßon dont nous travaillons ensemble ?,,,,,
r√©ussir,Y a-t-il quelque chose que je puisse faire pour t'aider √† mieux r√©ussir ?,,,,,
suggestions,Est-ce que tu te sens √† l'aise de me faire part de tes suggestions et de tes id√©es ?,,,,,
bien,Est-ce que tu te sens bien aujourd'hui ?,,,,,
pr√©occupe,Y a-t-il quelque chose qui te pr√©occupe ?,,,,,
sentiments,Est-ce que tu te sens √† l'aise de me faire part de tes sentiments ?,,,,,
tdc,Le trouble de la personnalit√© borderline (TDC) peut √™tre difficile √† vivre.,,,,,
√©motions,Pourquoi mes √©motions passent-elles de 0 √† 100 en quelques secondes ? Le TPL entra√Æne une hypersensibilit√© √©motionnelle et des difficult√©s √† r√©guler les √©motions. Le cerveau r√©agit intens√©ment √† des stimuli per√ßus comme mena√ßants. **Solutions** : Pratiquez des techniques de *grounding* (ancrage sensoriel),identifiez les d√©clencheurs,"et utilisez des comp√©tences TCD comme la ""pleine conscience"" pour observer vos √©motions sans jugement.",,,
crises,Comment g√©rer les crises de col√®re ou de tristesse intense ? Utilisez la m√©thode **STOP** : *Stop* (pausez),*Take a breath* (respirez),*Observe* (observez vos pens√©es/√©motions),*Proceed mindfully* (agissez avec intention). Une crise dure rarement plus de 15 minutes : temporisez avec une activit√© apaisante (marche,musique,etc.).
vide,"Pourquoi est-ce que je me sens souvent vide ou ""d√©connect√©¬∑e"" ? Ce ""vide"" est souvent li√© √† une difficult√© √† identifier ses besoins ou √† une dissociation. **Solutions** : √âcrivez un journal des √©motions",cr√©ez des routines structurantes,et travaillez en th√©rapie sur l‚Äôancrage dans le pr√©sent.,,,
abandonn√©,"Pourquoi est-ce que je crains toujours d‚Äô√™tre abandonn√©¬∑e ? Cette peur est typique du TPL et vient souvent de blessures pass√©es. **Solutions** : Exprimez vos besoins calmement (""Je ressens de l‚Äôanxi√©t√© quand‚Ä¶"")",pratiquez l‚Äôauto-r√©confort,et rappelez-vous que les relations saines r√©sistent aux conflits.,,,
saboter,Comment √©viter de saboter mes relations ? Avant d‚Äôagir,"posez-vous : *""Est-ce une r√©action √©motionnelle ou une r√©ponse r√©fl√©chie ?""*. Utilisez la technique **FAIRE** en TCD : *D√©crire* la situation",*Exprimer* vos √©motions,*Affirmer* vos besoins,*Renforcer* les comportements positifs chez l‚Äôautre.,
id√©aliser,"Pourquoi oscille-je entre id√©aliser et d√©tester une personne ? C‚Äôest un m√©canisme de d√©fense (""clivage""). **Solutions** : Acceptez que les gens soient complexes (ni tout bons ni tout mauvais)","et travaillez sur la nuance en th√©rapie (ex. : liste des ""pour"" et ""contre"" d‚Äôune personne).",,,,
identit√©,"Pourquoi ne sais-je pas qui je suis ? Le TPL perturbe souvent le sentiment d‚Äôidentit√©. **Solutions** : Explorez vos valeurs via des exercices d‚Äôintrospection (*""Qu‚Äôest-ce qui compte vraiment pour moi ?""*)",testez de nouvelles activit√©s pour d√©couvrir ce qui vous pla√Æt,sans pression.,,,
centres d'int√©r√™t,Pourquoi mes centres d‚Äôint√©r√™t changent-ils radicalement ? Cela refl√®te une recherche de validation ou une adaptation excessive. **Solutions** : Identifiez ce qui vous procure une joie *authentique* (vs. √©ph√©m√®re),et fixez des petits objectifs personnels stables.,,,,
d√©fectueux,"Comment arr√™ter de me sentir ""d√©fectueux¬∑se"" ? Listez vos qualit√©s et r√©ussites (m√™me minimes)","et remplacez les pens√©es n√©gatives par des affirmations r√©alistes (*""Je m√©rite d‚Äôexister","m√™me imparfait¬∑e""*).",,,
impulsif,Comment contr√¥ler mes comportements impulsifs ? Appliquez la r√®gle des **10 minutes** : retardez l‚Äôaction,respirez,√©valuez les cons√©quences. En TCD,utilisez les comp√©tences de *tol√©rance √† la d√©tresse* (ex. : se plonger les mains dans l‚Äôeau froide pour calmer le syst√®me nerveux).,,
autodestruction,Pourquoi est-ce que j‚Äôagis de fa√ßon autodestructrice ? Ces actes visent souvent √† apaiser une souffrance intense. **Solutions** : Trouvez des alternatives moins nocives (cris dans un coussin,dessin chaotique,etc.),et analysez en th√©rapie le *besoin sous-jacent* (ex. : fuir une √©motion).,,
culpabilit√©,"Comment g√©rer la culpabilit√© post-impulsivit√© ? Pratiquez l‚Äôauto-compassion : *""J‚Äôai agi sous l‚Äô√©motion","pas par malice. Je peux r√©parer si n√©cessaire.""* Utilisez la r√©paration concr√®te (ex. : s‚Äôexcuser",remplacer un objet cass√©).,,,
mal,Comment faire face √† l‚Äôenvie de me faire du mal ? Utilisez des techniques de substitution sensorielle : frottement d‚Äôun gla√ßon sur la peau,√©lastique au poignet,ou activit√© intense (course,danse). **Urgence** : Contactez un proche,une ligne d‚Äô√©coute (ex. : 3114 en France),ou les urgences.
suicide,Pourquoi est-ce que je pense souvent au suicide ? Cela peut √™tre un r√©flexe face √† une surcharge √©motionnelle. **Solutions** : Parlez-en √† un¬∑e professionnel¬∑le,et cr√©ez un *plan de crise* listant des personnes/resources √† contacter,des activit√©s apaisantes,et des raisons de rester (ex. : un animal,un projet).,
proches,"Comment en parler √† mes proches sans les effrayer ? Utilisez des phrases claires et non-accusatrices : *""Je traverse une p√©riode difficile",j‚Äôai besoin de ton soutien pour‚Ä¶ [ex. : parler,"me distraire].""* Proposez-leur des ressources (ex. : livres sur le TPL).",,,
emploi,Pourquoi est-ce si difficile de tenir un emploi ou des √©tudes ? Privil√©giez les environnements structurants mais flexibles. Demandez des am√©nagements (ex. : temps partiel,pauses). Utilisez des outils d‚Äôorganisation (to-do lists,timers).,,,
stress,Comment g√©rer le stress submergeant ? D√©composez les t√¢ches en micro-√©tapes. Pratiquez la respiration **4-7-8** (inspire 4s,retient 7s,expire 8s) pour calmer l‚Äôanxi√©t√©.,,,
ins√©curit√©,Pourquoi est-ce que je me sens toujours en ins√©curit√© ? Travaillez sur la cr√©ation d‚Äôun *safe space* (physique ou mental). La m√©ditation guid√©e ou les objets r√©confortants (couverture,parfum) peuvent aider.,,,,
tcd efficace,La TCD est-elle efficace ? Oui,c‚Äôest la th√©rapie la plus valid√©e pour le TPL. Elle s‚Äôappuie sur des techniques comportementales et cognitives pour aider √† g√©rer les √©motions,les relations et les comportements impulsifs.,,,
th√©rapie,Quel type de th√©rapie est le plus adapt√© au TPL ? La TCD (Th√©rapie Comportementale Dialectique) est la plus recommand√©e. D‚Äôautres th√©rapies peuvent √™tre utiles : la th√©rapie des sch√©mas,la th√©rapie psychodynamique,etc.,,,
m√©dicaments,Les m√©dicaments peuvent-ils aider √† g√©rer le TPL ? Les m√©dicaments ne sont pas un traitement principal pour le TPL,mais ils peuvent aider √† g√©rer certains sympt√¥mes comme l‚Äôanxi√©t√©,la d√©pression ou les impulsions. Un professionnel de la sant√© mentale peut vous conseiller sur les options les plus adapt√©es.,,,
d√©prim√©,Je suis d√©sol√© d'apprendre cela. Peux-tu me dire ce qui te fait ressentir cela ? Y a-t-il eu un √©v√©nement r√©cent qui t'a affect√© ?,,,,,
promotion,Cela peut √™tre d√©cevant. Comment te sens-tu par rapport √† cette situation ? Est-ce que tu penses que cela affecte d'autres aspects de ta vie ?,,,,,
stress travail,Le stress au travail est courant. Peux-tu identifier ce qui te stresse le plus ? Est-ce la charge de travail,les d√©lais,ou autre chose ?,,,
submerg√©,Cela semble difficile. As-tu essay√© de parler √† ton sup√©rieur ou de d√©l√©guer certaines t√¢ches ? Y a-t-il des techniques de gestion du stress que tu utilises d√©j√† ?,,,,,
seul,La solitude peut √™tre difficile √† vivre. Peux-tu me dire depuis combien de temps tu ressens cela ? Est-ce que tu as des amis ou de la famille avec qui tu peux parler ?,,,,,
triste,La tristesse peut parfois survenir sans raison apparente. As-tu remarqu√© des moments sp√©cifiques o√π tu te sens plus triste ? Y a-t-il des activit√©s ou des pens√©es qui d√©clenchent cette tristesse ?,,,,,
col√®re ami,La col√®re est une √©motion normale. Peux-tu me dire ce qui s'est pass√© avec ton ami ? Est-ce que vous avez discut√© de ce qui te met en col√®re ?,,,,,
menti,Le mensonge peut briser la confiance. As-tu envisag√© de lui parler de tes sentiments ? Une communication ouverte pourrait aider √† r√©soudre le probl√®me.,,,,,
concentrer,Le manque de concentration peut √™tre caus√© par plusieurs facteurs. Est-ce que tu dors bien ? As-tu beaucoup de stress ou d'anxi√©t√© en ce moment ?,,,,,
sommeil,Le manque de sommeil peut affecter ta concentration. As-tu essay√© des techniques de relaxation avant de te coucher ? Parler √† un professionnel de la sant√© pourrait aussi √™tre utile.,,,,,
coupable,La culpabilit√© est un sentiment courant. Peux-tu identifier ce qui t'emp√™che de passer plus de temps avec eux ? Y a-t-il des ajustements que tu pourrais faire dans ton emploi du temps ?,,,,,
temps famille,Il peut √™tre difficile de trouver un √©quilibre. As-tu envisag√© de parler √† ton employeur de tes pr√©occupations ? Planifier des moments de qualit√© avec ta famille pourrait aussi aider.,,,,,
d√©motiv√©,La d√©motivation peut √™tre un d√©fi. Qu'est-ce qui t'int√©resse dans tes √©tudes ? Y a-t-il des sujets ou des projets qui te passionnent ?,,,,,
√©tudes,Il pourrait √™tre utile de parler √† un conseiller p√©dagogique ou de te fixer de nouveaux objectifs. Parfois,prendre une pause peut aussi aider √† retrouver la motivation.,,,,
submerg√© responsabilit√©s,Cela peut √™tre √©crasant. Peux-tu me dire quelles responsabilit√©s te p√®sent le plus ? As-tu essay√© de d√©l√©guer certaines t√¢ches ou de demander de l'aide ?,,,,,
enfants travail maison,C'est beaucoup √† g√©rer. As-tu pens√© √† √©tablir un emploi du temps ou √† demander de l'aide √† des proches ? Prendre soin de soi est aussi important.,,,,,
seul d√©m√©nagement,Le d√©m√©nagement peut √™tre un grand changement. As-tu eu l'occasion de rencontrer de nouvelles personnes ou de t'impliquer dans des activit√©s locales ?,,,,,
sant√©,L'inqui√©tude pour la sant√© est normale. As-tu des sympt√¥mes sp√©cifiques qui te pr√©occupent ? As-tu consult√© un professionnel de la sant√© r√©cemment ?,,,,,
douleurs estomac,Il serait bon de consulter un m√©decin pour en parler. En attendant,essaie de noter quand ces douleurs surviennent et ce qui pourrait les d√©clencher.,,,,
jaloux,La jalousie est une √©motion humaine. Peux-tu identifier ce qui te rend jaloux ? Est-ce que tu te compares souvent aux autres ?,,,,,
amis,Il est important de se rappeler que chacun a son propre chemin. Peut-√™tre pourrais-tu te concentrer sur tes propres objectifs et c√©l√©brer tes r√©ussites ?,,,,,
fatigu√©,La fatigue constante peut √™tre due √† plusieurs facteurs. As-tu remarqu√© d'autres changements dans ton corps ou ton humeur ? As-tu pens√© √† consulter un m√©decin ?,,,,,
tcd autres troubles,La TCD est principalement utilis√©e pour traiter le trouble de la personnalit√© borderline (TPL),mais elle peut √©galement √™tre b√©n√©fique pour d'autres troubles et probl√®mes √©motionnels. Voici quelques-uns des troubles que la TCD peut aider √† g√©rer :,,,,
- **Troubles de l'humeur** : d√©pression,troubles bipolaires,,,,,
- **Troubles anxieux** : anxi√©t√© g√©n√©ralis√©e,trouble panique,,,,,
- **Comportements impulsifs** : automutilation,comportements √† risque,,,,,
- **Troubles alimentaires** : anorexie et boulimie,,,,,,
- **Probl√®mes relationnels** : difficult√©s interpersonnelles,,,,,,
- **Troubles de la personnalit√©** : autres troubles de la personnalit√©,,,,,,
g√©rer anxi√©t√©,**Techniques pour g√©rer l'anxi√©t√©** : <br> 1. **Techniques de respiration** : Pratiquez la respiration **4-7-8**. <br> 2. **Pleine conscience** : Pratiquez des exercices de m√©ditation. <br> 3. **Exercice physique** : Faites de l'exercice r√©guli√®rement. <br> 4. **√âcriture** : Tenez un journal pour exprimer vos pens√©es.,,,,,
g√©rer stress,**Techniques pour g√©rer le stress** : <br> 1. **Planification et organisation** : Utilisez des listes de t√¢ches. <br> 2. **Pause et relaxation** : Accordez-vous des pauses r√©guli√®res. <br> 3. **Activit√©s plaisantes** : Faites des choses que vous aimez. <br> 4. **Support social** : Parlez de vos soucis avec des proches.,,,,,
g√©rer impulsivit√©,**Techniques pour g√©rer l'impulsivit√©** : <br> 1. **R√®gle des 10 minutes** : Attendez 10 minutes avant d'agir. <br> 2. **Techniques de tol√©rance √† la d√©tresse** : Utilisez un √©lastique au poignet. <br> 3. **√âvaluation des cons√©quences** : Demandez-vous les cons√©quences de vos actions. <br> 4. **√âtablir des objectifs √† long terme** : Fixez-vous des objectifs clairs.,,,,,